{"h": [30000, 29000, 28000, 27000, 26000, 25000, 24000, 23000, 22000, 21000, 20000, 19000, 18000, 17000, 16000, 15000, 14000, 13000, 12000, 11000, 10000, 9000, 8000, 7000, 6000, 5000, 4000, 3000, 2000], "C_L": [0, 0, 0.76, 0.76, 0.75, 0.75, 0.75, 0.74, 0.74, 0.73, 0.72, 0.7000000000000001, 0.68, 0.64, 0.59, 0.52, 0.44, 0.32, 0.21000000000000002, 0.15000000000000002, 0.12, 0.11, 0.11, 0.12, 0.14, 0.16, 0.19, 0.23, 0.26], "L_over_D": [0, 0, 15.012735851992295, 15.012735851992295, 14.946598820013099, 14.946598820013099, 14.946598820013099, 14.87751478138697, 14.87751478138697, 14.805429770166757, 14.730290065447434, 14.570633378433012, 14.398122841307677, 14.012901496490821, 13.452015311037533, 12.509160431229372, 11.194219871141813, 8.738859829889723, 6.01723243070965, 4.377881755741799, 3.5268793427705845, 3.2394267720402965, 3.2394267720402965, 3.5268793427705845, 4.09624136679991, 4.657321242012946, 5.481193980975248, 6.541686517142905, 7.304933528810667], "V_gnd_over_V_sink": [9.21744518988297, 9.163540668335038, 9.071700221521146, 9.044270779393898, 8.968623263306567, 8.876053585651595, 8.906902558472295, 8.814354566570293, 8.659180664143774, 8.569183643038501, 8.37442599670683, 8.126913677918065, 7.762645110550433, 7.245330753736908, 6.516644266289048, 5.624988088207977, 4.5777515230157055, 3.28802723645851, 2.1521779513418777, 1.4684262793104208, 1.1752923326978963, 1.078614880534438, 1.0985874882242286, 1.2187358641077042, 1.3821511340467538, 1.6314368692510144, 1.9381757795934536, 2.280911819754043, 2.5783157734890905], "V_T": [0.0, 140.07141035914503, 131.51232443368846, 121.66809212625951, 113.26670152069183, 104.71027546735309, 96.76370711711877, 89.98810005226018, 83.09520400152655, 77.22408171704681, 71.75686769642915, 67.28963757328248, 63.124734387484125, 60.16032333350194, 57.93080776840895, 57.05039650860988, 57.3387277348804, 62.158818455225514, 70.93502630107908, 77.61224442814428, 81.50238880842167, 80.09770719480714, 75.49240966422923, 68.23084550879625, 59.7216137272325, 52.89064020490417, 46.01437359597979, 39.70064218058273, 35.48942655820664], "V_stall": [131.6961547871413, 121.92721615955817, 112.84187303835549, 104.39519994533227, 96.54502992133764, 89.25179723910587, 82.47838838332514, 76.19000090095261, 70.35400974200408, 64.93984072760458, 59.92758234561939, 55.41077768763982, 51.23314973063624, 47.369323783491765, 43.79581638935969, 40.490894899080324, 37.434447431887435, 34.60786245799581, 31.99391729384493, 29.585090942890492, 27.788045243754542, 26.146494069964508, 24.6431753260107, 23.26314418188123, 21.993410910487317, 20.82264291610842, 19.74091829650197, 18.739521017552953, 17.810769874492358], "mach": [0.0, 0.4652792037785778, 0.43781133529583555, 0.4059365777565131, 0.37874704785399893, 0.3509186393208718, 0.32501576291085227, 0.30293991782222607, 0.2803700514528523, 0.2611544618367956, 0.24318633160978767, 0.22804674510079015, 0.21393175430229097, 0.20388526993439393, 0.19632937000526604, 0.1933456279405446, 0.19432279173623757, 0.210658234153625, 0.2404010846987077, 0.262955446506871, 0.2720994125866792, 0.2636111064776085, 0.24502153507284352, 0.21847455152865347, 0.18872267064358506, 0.1650020217823514, 0.14176207965523518, 0.12082358283524014, 0.10672496770469822], "V_ground": [0, 0, 79.4685521986006, 73.29771077375634, 67.96505254802763, 62.18230831030969, 57.662945320691605, 53.31448378898389, 48.3640174011658, 44.69625996482861, 40.795026819519435, 37.53145534400029, 34.03324976100106, 31.105723601363586, 28.063785057971224, 25.653824055795123, 23.44803400662152, 23.387477548022474, 25.371265168999606, 26.032649046556955, 27.159741900286406, 26.66971194493005, 25.601756899966873, 23.577607958268942, 20.151228589511156, 18.527332770216248, 16.27089731296545, 13.842556313913157, 12.526184930529354], "V_descent": [0.0, 140.07141035914503, 8.76005051512552, 8.10432510941124, 7.578092038506494, 7.005625609429538, 6.473961620456069, 6.04859759002511, 5.585287947788544, 5.215929757922659, 4.871381851790407, 4.618168327046266, 4.384233631232928, 4.293209607486899, 4.306477983330576, 4.560689490094188, 5.122172727971604, 7.112920868992804, 11.788646544390385, 17.728264205937528, 23.108924600861577, 24.725889125241437, 23.30424947889211, 19.345953994331047, 14.579612962086895, 11.356450941753, 8.394954412431254, 6.0688695608609, 4.858281929361341], "D_t": [0, 7.139215614635322, 114.15459286146266, 123.39090380749145, 131.95933685137481, 142.7424266940564, 154.4649255936666, 165.32757967716756, 179.0417986231029, 191.72037324334457, 205.28056112711926, 216.53606563959738, 228.09003445347446, 232.92596714963713, 232.20831590705416, 219.26509186209645, 195.22965216286315, 140.5892204367516, 84.82737999094977, 56.40710158556195, 43.273324798624195, 40.44343946277545, 42.910628849290035, 51.69039481294282, 68.58892637276581, 88.05567911392205, 119.11916978598471, 164.7753325346055, 205.8340817885507], "distance_travelled": [0, 0, 9071.700221521147, 18115.971000915044, 27084.59426422161, 35960.6478498732, 44867.5504083455, 53681.90497491579, 62341.085639059565, 70910.26928209807, 79284.69527880491, 87411.60895672298, 95174.25406727342, 102419.58482101033, 108936.22908729938, 114561.21717550735, 119138.96869852305, 122426.99593498156, 124579.17388632343, 126047.60016563386, 127222.89249833176, 128301.5073788662, 129400.09486709043, 130618.83073119813, 132000.9818652449, 133632.4187344959, 135570.59451408935, 137851.5063338434, 140429.8221073325], "reynolds_number": [0.0, 13211.385850368762, 14534.9003791054, 15768.74730466779, 17227.760895036456, 18704.936840942268, 20316.88871594768, 22225.324428094456, 24160.2310072822, 26453.73536462948, 28968.45172546187, 31774.229215155246, 34866.855100068744, 38871.48369532427, 43788.458566006666, 50449.776029125875, 59322.64745617098, 75243.4195398405, 100471.11558979224, 128496.84135117973, 149243.04500014056, 161788.07925043054, 167777.90599773245, 166447.05777089766, 159551.83176577438, 154412.78921786806, 146499.52953299985, 137570.15925115332, 133596.21892985073]}